username,firstname,secondname,emailaddress,passwordhash,country,city,telephone,profile_image_path,user_image_path,country_flag_image_path,notification_webapp_supported,notification_email_supported,short_description,user_session_control
jovan,Jovan,Jovanovic,jovan.jovanovic@gmail.com,I4VpdTXqYwGoXD7xnTwVCQ==$/rJDqeJSuTtRfvTEYDSa95QEIRQ5+jveaGseihkDm+o=,"Czech Republic",Праг.,065/838-998,7991801277_long-way-fractal-drazen-jutro.jpg,2181246261_471182.jpg,CZ.png,1,1,"Електроенергетика. ",1
jovanka,Jovanka,Jovanovic,jovanka.jovanovic@gmail.com,+rbWFlVjbtWUItcQ1OJUew==$qs7k6EV5Tp7CYsY5fiJFCsOOnCdtaZanTN9NWk7lwSo=,NULL,NULL,NULL,NULL,NULL,NULL,0,0,NULL,NULL
marija,Марија,Марић,marija@gmail.com,LEwYaWdCS7mLJ119dSk6Dw==$e/2whW9S5067YM+jHXEIb6qw2gx7IbQEb09BtqjPdpQ=,Norway,NULL,NULL,NULL,NULL,NO.png,0,0,NULL,NULL
marko,Марко,Марковић,marko.markovic@gmail.com,tVPSm46KJbLHKE48EAxEDg==$EW63CMt7gg4dWjpP5NtpGf1ccXxMzDuMH/yIx2zq7qw=,NULL,Праг.,065/838-998,3658034631_OIP.jpg,2902387722_hld494_glistening_maze_wallpaper_grey_silver_ae1.jpg,NULL,1,1,"Праг.Чешка република.",1
marko1,Марко,Марковић,marko.markovic.1@gmail.com,S2dsK/ZqxDsraCJFguOF8A==$l0D7RiR298z4L2HuqtLACTa/KxyzYZCGi7CB1IvIwJA=,Estonia,Talin,055/333-333,4958262271_269096-digital_art-colorful-geometry-hexagon-blue_background.jpg,6182005974_543466.jpg,EE.png,1,1,Economics,1
marko2,Марко,Марковић,marko.markovic.2@gmail.com,7TcbLNyvgyb/lp45eUq2fA==$wrdlphsdPv0rsE+juNu6ItjFiOsPWffG0UziolXAszI=,NULL,NULL,NULL,6110571355_269096-digital_art-colorful-geometry-hexagon-blue_background.jpg,7116232365_hld494_glistening_maze_wallpaper_grey_silver_ae1.jpg,NULL,0,0,NULL,NULL
marko3,Марко,Марковић,marko.markovic.3@gmail.com,c9P4rxgQ05OzDAcYGZXd8Q==$MdxNYJaekI9NzaLlrK1HZGTlrIjFx68m06JCCVwQrEk=,Austria,"Banja Luka.",055/333-333,7201412156_269096-digital_art-colorful-geometry-hexagon-blue_background.jpg,4431636240_geometric_background_13.jpg,AT.png,0,0,RS/BA,NULL
marko4,Марко,Марковић,marko.markovic.4@gmail.com,DJCogA4QFJbHin2c5caaQQ==$NIXKJf6vUPhElZ5iz1dPmOsvKc87gaHS44FLP5QXKNc=,"Czech Republic",Ostrava.,055/333-333,5080848509_lines-geometric-wallpaper.gif,7508783503_OIP.jpg,CZ.png,1,1,MM,1
marko5,Марко,Марковић,marko.markovic.5@gmail.com,m7lmEUxfAR+Chrv0HiBGsg==$KlZcezDNH1TE/eSbhImmJpzkxC79MO1E+K4RecuUI1c=,NULL,"Праг. Чешка република. ",065/838-998,2594599936_Pure-Geometry-3-640x360.jpg,6785691366_hld494_glistening_maze_wallpaper_grey_silver_ae1.jpg,NULL,0,0,Водоинсталатер.,NULL
maros,Maros,Marusevic,maros.marusevic@gmail.com,IpKoLEsslGYlcJd2H4wc6Q==$6ol+twyRJELfxSrlTnlIKIxspNAyab9VJRimHluLFsQ=,NULL,NULL,NULL,NULL,NULL,NULL,0,0,NULL,NULL
milena,Милена,Милић,milena@milic.com,gO7StNeZCDDkPerbf4w5AQ==$CHHh8Jy62a7VklceeCjoM4scBZJjJn025jYLeIc1+sI=,NULL,NULL,NULL,NULL,NULL,NULL,0,0,NULL,NULL
milos,Милош,Милошевић,milos.milosevic@gmail.com,nZvhrXDUoP7kdT6MRpX4gA==$JHRTPIdNavYGwu1MD0C1LSLJ9fDVTHhlHM+6AVxvF+o=,NULL,NULL,NULL,NULL,NULL,NULL,0,0,NULL,NULL
petar,Петар,Петровић,petar.petrovic@gmail.com,fsRbcW9Gex6+eILv31FHGA==$3ztp3mNiWSRmPnDqAYLxMQFjbSUT2W2wYT5LI7A4I4s=,"Russian Federation","Новосибирск.
Русија.",066/491-710,5124812944_41dfe856cbfcf2a97978ee60a417312e.jpg,5563294485_great-spotted-woodpecker-on-silver-birch-flickr-tony-cox.jpg,RU.png,1,1,"Техничар електроенергетике.",1
risto,Risto,Ristic,riza@mail.com,9mGJpjpW86CX9yf/zxJ1AQ==$0DKmKElWQQa3zs3BNYK+PGKyG/JQfG0N4EjYXjSy6c8=,NULL,NULL,NULL,2519442396_269096-digital_art-colorful-geometry-hexagon-blue_background.jpg,0131949408_geometric_background_13.jpg,NULL,0,0,NULL,NULL
uros,Uros,Urosevic,uros.urosevic@gmail.com,99rU83m1Y9OV3jX7X8NL/w==$K8PO06ZM5qapIfvnom4Td2/dEMiZvsqqGfJKO3DC1b8=,NULL,NULL,NULL,NULL,NULL,NULL,0,0,NULL,NULL
zivko,Живко,Живковић,zivko.zivkovic@mail.com,+h9DecGFVuyh1KzLRM2J5Q==$agRxPph4mOeDj2qIHpGsqkGPq5Y4OG0mH4dXDdfPVqI=,NULL,NULL,NULL,NULL,NULL,NULL,0,0,NULL,NULL
